Price,Close
Ticker,FOX
Date,
2019-03-13,35.67355728149414
2019-03-14,36.36518096923828
2019-03-15,37.32982635498047
2019-03-18,37.18422317504883
2019-03-19,35.99207305908203
2019-03-20,34.217491149902344
2019-03-21,35.38235092163086
2019-03-22,34.090087890625
2019-03-25,33.17094802856445
2019-03-26,33.407554626464844
2019-03-27,32.943443298339844
2019-03-28,32.46110916137695
2019-03-29,32.652225494384766
2019-04-01,32.8979377746582
2019-04-02,32.48841857910156
2019-04-03,32.30641174316406
2019-04-04,32.78873062133789
2019-04-05,33.653263092041016
2019-04-08,33.53495788574219
2019-04-09,33.57136535644531
2019-04-10,32.697723388671875
2019-04-11,33.13454818725586
2019-04-12,33.62596893310547
2019-04-15,33.653263092041016
2019-04-16,33.862579345703125
2019-04-17,34.77261734008789
2019-04-18,34.508705139160156
2019-04-22,33.88988494873047
2019-04-23,34.217491149902344
2019-04-24,34.080989837646484
2019-04-25,34.25389862060547
2019-04-26,34.49959945678711
2019-04-29,35.24583053588867
2019-04-30,35.03652572631836
2019-05-01,35.25493621826172
2019-05-02,33.5258674621582
2019-05-03,33.68967056274414
2019-05-06,33.953575134277344
2019-05-07,33.398460388183594
2019-05-08,33.507659912109375
2019-05-09,34.55420684814453
2019-05-10,34.627017974853516
2019-05-13,34.126495361328125
2019-05-14,34.1082763671875
2019-05-15,33.88077163696289
2019-05-16,33.052635192871094
2019-05-17,33.73036193847656
2019-05-20,33.592987060546875
2019-05-21,34.05091094970703
2019-05-22,33.58382797241211
2019-05-23,33.437294006347656
2019-05-24,33.38233947753906
2019-05-28,33.11675262451172
2019-05-29,32.329124450683594
2019-05-30,31.880369186401367
2019-05-31,31.788780212402344
2019-06-03,30.93704605102539
2019-06-04,31.220964431762695
2019-06-05,31.156848907470703
2019-06-06,30.900423049926758
2019-06-07,30.845470428466797
2019-06-10,30.900423049926758
2019-06-11,30.982845306396484
2019-06-12,31.779624938964844
2019-06-13,31.99942398071289
2019-06-14,32.01774215698242
2019-06-17,32.78705596923828
2019-06-18,32.81452941894531
2019-06-19,32.73210144042969
2019-06-20,32.374916076660156
2019-06-21,32.860313415527344
2019-06-24,32.548927307128906
2019-06-25,32.228389739990234
2019-06-26,32.338294982910156
2019-06-27,32.74126052856445
2019-06-28,33.45561218261719
2019-07-01,32.93357849121094
2019-07-02,33.45561218261719
2019-07-03,33.29075622558594
2019-07-05,33.48308563232422
2019-07-08,33.08927917480469
2019-07-09,32.9793701171875
2019-07-10,33.09843826293945
2019-07-11,33.254127502441406
2019-07-12,33.84941864013672
2019-07-15,33.922691345214844
2019-07-16,33.602142333984375
2019-07-17,33.125911712646484
2019-07-18,33.52888488769531
2019-07-19,33.38233947753906
2019-07-22,33.26328659057617
2019-07-23,33.437294006347656
2019-07-24,33.78531265258789
2019-07-25,34.27986145019531
2019-07-26,34.33481979370117
2019-07-29,34.51797866821289
2019-07-30,34.664520263671875
2019-07-31,34.06922149658203
2019-08-01,33.73952865600586
2019-08-02,33.48308563232422
2019-08-05,32.9702262878418
2019-08-06,33.3365592956543
2019-08-07,33.693729400634766
2019-08-08,32.054378509521484
2019-08-09,32.39323425292969
2019-08-12,31.880369186401367
2019-08-13,32.054378509521484
2019-08-14,30.827146530151367
2019-08-15,30.048690795898438
2019-08-16,30.23185920715332
2019-08-19,30.772199630737305
2019-08-20,30.55240249633789
2019-08-21,30.360074996948242
2019-08-22,30.057851791381836
2019-08-23,28.793991088867188
2019-08-26,29.0412654876709
2019-08-27,28.958845138549805
2019-08-28,28.903888702392578
2019-08-29,29.7189884185791
2019-08-30,30.039531707763672
2019-09-03,29.91040802001953
2019-09-04,30.629802703857422
2019-09-05,31.275423049926758
2019-09-06,31.2385311126709
2019-09-09,31.349206924438477
2019-09-10,31.56133460998535
2019-09-11,31.33076286315918
2019-09-12,31.081745147705078
2019-09-13,31.09096336364746
2019-09-16,30.888050079345703
2019-09-17,30.270111083984375
2019-09-18,29.97496795654297
2019-09-19,29.48614501953125
2019-09-20,29.587604522705078
2019-09-23,29.679834365844727
2019-09-24,29.08032989501953
2019-09-25,29.51381492614746
2019-09-26,29.024993896484375
2019-09-27,29.034215927124023
2019-09-30,29.089555740356445
2019-10-01,28.757524490356445
2019-10-02,27.955116271972656
2019-10-03,28.028902053833008
2019-10-04,28.116519927978516
2019-10-07,28.12113380432129
2019-10-08,27.70148277282715
2019-10-09,27.90900421142578
2019-10-10,28.061180114746094
2019-10-11,28.739078521728516
2019-10-14,28.60072898864746
2019-10-15,28.997325897216797
2019-10-16,29.13105583190918
2019-10-17,29.043441772460938
2019-10-18,29.07572364807129
2019-10-21,29.59682273864746
2019-10-22,30.223987579345703
2019-10-23,30.07642364501953
2019-10-24,29.144893646240234
2019-10-25,29.237125396728516
2019-10-28,29.707500457763672
2019-10-29,29.559926986694336
2019-10-30,28.923538208007812
2019-10-31,28.812862396240234
2019-11-01,29.384693145751953
2019-11-04,29.42158317565918
2019-11-05,29.65216064453125
2019-11-06,29.818178176879883
2019-11-07,31.589012145996094
2019-11-08,31.755023956298828
2019-11-11,31.56133460998535
2019-11-12,31.183189392089844
2019-11-13,30.961837768554688
2019-11-14,30.851158142089844
2019-11-15,30.984893798828125
2019-11-18,31.782686233520508
2019-11-19,32.67733383178711
2019-11-20,32.27613067626953
2019-11-21,32.07782745361328
2019-11-22,32.16544723510742
2019-11-25,32.142398834228516
2019-11-26,32.45597839355469
2019-11-27,32.308406829833984
2019-11-29,32.26228332519531
2019-12-02,32.110107421875
2019-12-03,31.681236267089844
2019-12-04,31.94870376586914
2019-12-05,31.944091796875
2019-12-06,31.911813735961914
2019-12-09,32.08705139160156
2019-12-10,32.206947326660156
2019-12-11,32.5482063293457
2019-12-12,33.16614532470703
2019-12-13,33.07392120361328
2019-12-16,33.10158920288086
2019-12-17,33.424400329589844
2019-12-18,33.20305252075195
2019-12-19,33.24915313720703
2019-12-20,33.405948638916016
2019-12-23,33.78409957885742
2019-12-24,33.66419219970703
2019-12-26,33.94089126586914
2019-12-27,33.87171936035156
2019-12-30,33.608856201171875
2019-12-31,33.57197189331055
2020-01-02,33.62730407714844
2020-01-03,33.2952766418457
2020-01-06,33.216880798339844
2020-01-07,33.63652801513672
2020-01-08,33.59040451049805
2020-01-09,33.66419219970703
2020-01-10,33.28143310546875
2020-01-13,33.479740142822266
2020-01-14,33.701087951660156
2020-01-15,33.931663513183594
2020-01-16,35.25978469848633
2020-01-17,35.57798385620117
2020-01-21,35.42579650878906
2020-01-22,35.41657638549805
2020-01-23,34.03312301635742
2020-01-24,33.239933013916016
2020-01-27,33.54429626464844
2020-01-28,33.77486801147461
2020-01-29,33.19382095336914
2020-01-30,33.62730407714844
2020-01-31,33.507408142089844
2020-02-03,33.96855545043945
2020-02-04,34.4942741394043
2020-02-05,34.983089447021484
2020-02-06,33.66419219970703
2020-02-07,33.54429626464844
2020-02-10,33.92243957519531
2020-02-11,33.765655517578125
2020-02-12,34.272911071777344
2020-02-13,34.60495376586914
2020-02-14,34.4112663269043
2020-02-18,34.3282585144043
2020-02-19,34.61416244506836
2020-02-20,33.701087951660156
2020-02-21,32.74188995361328
2020-02-24,31.60744857788086
2020-02-25,30.279329299926758
2020-02-26,29.88273811340332
2020-02-27,28.582284927368164
2020-02-28,28.084238052368164
2020-03-02,29.320133209228516
2020-03-03,28.530454635620117
2020-03-04,28.49329376220703
2020-03-05,27.05330467224121
2020-03-06,26.495885848999023
2020-03-09,25.20453453063965
2020-03-10,26.718854904174805
2020-03-11,25.566858291625977
2020-03-12,23.745960235595703
2020-03-13,23.5787353515625
2020-03-16,21.544166564941406
2020-03-17,22.101579666137695
2020-03-18,19.8904972076416
2020-03-19,20.38287925720215
2020-03-20,18.627016067504883
2020-03-23,18.404048919677734
2020-03-24,20.113462448120117
2020-03-25,21.68351936340332
2020-03-26,22.854095458984375
2020-03-27,20.475784301757812
2020-03-30,22.082998275756836
2020-03-31,21.25616455078125
2020-04-01,20.03449249267578
2020-04-02,20.289974212646484
2020-04-03,20.057723999023438
2020-04-06,22.714740753173828
2020-04-07,23.197834014892578
2020-04-08,23.98750877380371
2020-04-09,23.820283889770508
2020-04-13,23.597318649291992
2020-04-14,24.164024353027344
2020-04-15,23.383642196655273
2020-04-16,23.346481323242188
2020-04-17,24.368410110473633
2020-04-20,23.866737365722656
2020-04-21,23.272157669067383
2020-04-22,22.844802856445312
2020-04-23,22.714740753173828
2020-04-24,22.779773712158203
2020-04-27,24.164024353027344
2020-04-28,25.055891036987305
2020-04-29,25.966337203979492
2020-04-30,23.745960235595703
2020-05-01,23.244285583496094
2020-05-04,22.881961822509766
2020-05-05,22.15732192993164
2020-05-06,22.86338996887207
2020-05-07,23.23499870300293
2020-05-08,23.90389633178711
2020-05-11,23.643768310546875
2020-05-12,23.123512268066406
2020-05-13,22.3524169921875
2020-05-14,23.337188720703125
2020-05-15,23.69021987915039
2020-05-18,24.949052810668945
2020-05-19,25.02802085876465
2020-05-20,25.427507400512695
2020-05-21,25.29743766784668
2020-05-22,25.427507400512695
2020-05-26,26.5609188079834
2020-05-27,27.220529556274414
2020-05-28,26.62594985961914
2020-05-29,26.737428665161133
2020-06-01,27.071880340576172
2020-06-02,26.821044921875
2020-06-03,28.075233459472656
2020-06-04,27.81974983215332
2020-06-05,28.103103637695312
2020-06-08,29.431612014770508
2020-06-09,28.177427291870117
2020-06-10,27.620010375976562
2020-06-11,25.659759521484375
2020-06-12,25.966337203979492
2020-06-15,26.81175422668457
2020-06-16,26.0313720703125
2020-06-17,25.789825439453125
2020-06-18,26.62594985961914
2020-06-19,25.845565795898438
2020-06-22,25.641176223754883
2020-06-23,25.836275100708008
2020-06-24,25.093053817749023
2020-06-25,24.851503372192383
2020-06-26,23.9224796295166
2020-06-29,24.888668060302734
2020-06-30,24.935117721557617
2020-07-01,25.004796981811523
2020-07-02,24.665700912475586
2020-07-06,24.647119522094727
2020-07-07,23.941057205200195
2020-07-08,23.58802604675293
2020-07-09,22.715673446655273
2020-07-10,23.58802604675293
2020-07-13,23.272157669067383
2020-07-14,23.346481323242188
2020-07-15,24.386991500854492
2020-07-16,24.521697998046875
2020-07-17,23.467252731323242
2020-07-20,23.058481216430664
2020-07-21,23.550867080688477
2020-07-22,24.033960342407227
2020-07-23,24.2755069732666
2020-07-24,24.609956741333008
2020-07-27,23.866737365722656
2020-07-28,23.88531494140625
2020-07-29,24.080413818359375
2020-07-30,24.043251037597656
2020-07-31,23.941057205200195
2020-08-03,24.386991500854492
2020-08-04,24.814346313476562
2020-08-05,23.08635139465332
2020-08-06,23.374351501464844
2020-08-07,23.123512268066406
2020-08-10,22.928417205810547
2020-08-11,23.169963836669922
2020-08-12,23.420801162719727
2020-08-13,23.866737365722656
2020-08-14,23.98750877380371
2020-08-17,23.88531494140625
2020-08-18,23.908540725708008
2020-08-19,24.080413818359375
2020-08-20,24.080413818359375
2020-08-21,24.164024353027344
2020-08-24,25.13021469116211
2020-08-25,25.046598434448242
2020-08-26,25.22311782836914
2020-08-27,25.678340911865234
2020-08-28,25.93846893310547
2020-08-31,25.82698631286621
2020-09-01,25.752044677734375
2020-09-02,26.220428466796875
2020-09-03,25.77077865600586
2020-09-04,26.004972457885742
2020-09-08,26.079910278320312
2020-09-09,26.50146484375
2020-09-10,26.370315551757812
2020-09-11,26.360944747924805
2020-09-14,26.885541915893555
2020-09-15,26.82933807373047
2020-09-16,27.597496032714844
2020-09-17,26.95111846923828
2020-09-18,26.229801177978516
2020-09-21,25.189973831176758
2020-09-22,25.246183395385742
2020-09-23,24.337505340576172
2020-09-24,24.562335968017578
2020-09-25,25.086931228637695
2020-09-28,26.13612174987793
2020-09-29,26.06117820739746
2020-09-30,26.20169448852539
2020-10-01,26.42652130126953
2020-10-02,26.38905143737793
2020-10-05,27.06353187561035
2020-10-06,26.342212677001953
2020-10-07,27.26962661743164
2020-10-08,27.75674819946289
2020-10-09,27.353933334350586
2020-10-12,27.28835678100586
2020-10-13,25.733304977416992
2020-10-14,25.4148006439209
2020-10-15,25.480377197265625
2020-10-16,25.40543556213379
2020-10-19,24.590436935424805
2020-10-20,24.52486228942871
2020-10-21,25.05882453918457
2020-10-22,25.677101135253906
2020-10-23,25.232131958007812
2020-10-26,24.52486228942871
2020-10-27,24.351560592651367
2020-10-28,23.43819808959961
2020-10-29,23.784807205200195
2020-10-30,24.48739242553711
2020-11-02,25.189973831176758
2020-11-03,25.011991500854492
2020-11-04,23.82227897644043
2020-11-05,24.702850341796875
2020-11-06,23.986217498779297
2020-11-09,24.534231185913086
2020-11-10,25.011991500854492
2020-11-11,25.43354034423828
2020-11-12,23.841012954711914
2020-11-13,24.552963256835938
2020-11-16,25.05882453918457
2020-11-17,25.901926040649414
2020-11-18,25.4148006439209
2020-11-19,25.545955657958984
2020-11-20,25.7052059173584
2020-11-23,26.26726722717285
2020-11-24,27.36330223083496
2020-11-25,27.129104614257812
2020-11-27,26.91364860534668
2020-11-30,26.58577537536621
2020-12-01,27.822324752807617
2020-12-02,28.150192260742188
2020-12-03,27.88789939880371
2020-12-04,27.40545654296875
2020-12-07,27.456979751586914
2020-12-08,27.068218231201172
2020-12-09,26.91364860534668
2020-12-10,26.871492385864258
2020-12-11,26.904281616210938
2020-12-14,26.54829978942871
2020-12-15,26.42652130126953
2020-12-16,26.332843780517578
2020-12-17,26.379684448242188
2020-12-18,26.0330753326416
2020-12-21,25.658361434936523
2020-12-22,25.274288177490234
2020-12-23,25.995601654052734
2020-12-24,26.229801177978516
2020-12-28,27.054162979125977
2020-12-29,26.965167999267578
2020-12-30,26.885541915893555
2020-12-31,27.054162979125977
2021-01-04,26.613876342773438
2021-01-05,27.180631637573242
2021-01-06,29.47104835510254
2021-01-07,28.31881332397461
2021-01-08,27.74738121032715
2021-01-11,27.822324752807617
2021-01-12,27.3351993560791
2021-01-13,27.456979751586914
2021-01-14,28.42186164855957
2021-01-15,28.46870231628418
2021-01-19,27.325830459594727
2021-01-20,28.047151565551758
2021-01-21,27.962841033935547
2021-01-22,27.325830459594727
2021-01-25,28.74036979675293
2021-01-26,31.288406372070312
2021-01-27,30.417200088500977
2021-01-28,28.684158325195312
2021-01-29,28.00031089782715
2021-02-01,28.712261199951172
2021-02-02,27.681804656982422
2021-02-03,27.307092666625977
2021-02-04,27.47571563720703
2021-02-05,28.39375877380371
2021-02-08,29.555362701416016
2021-02-09,27.812955856323242
2021-02-10,28.581113815307617
2021-02-11,28.80594253540039
2021-02-12,29.461685180664062
2021-02-16,28.712261199951172
2021-02-17,28.721630096435547
2021-02-18,29.096342086791992
2021-02-19,30.32352066040039
2021-02-22,31.279037475585938
2021-02-23,30.79191017150879
2021-02-24,30.670129776000977
2021-02-25,29.742719650268555
2021-02-26,29.911338806152344
2021-03-01,31.279037475585938
2021-03-02,33.7708625793457
2021-03-03,34.7451171875
2021-03-04,34.38914108276367
2021-03-05,36.57183074951172
2021-03-08,37.4898796081543
2021-03-09,36.029476165771484
2021-03-10,36.707855224609375
2021-03-11,37.131839752197266
2021-03-12,37.68773651123047
2021-03-15,37.781959533691406
2021-03-16,39.044498443603516
2021-03-17,38.11172866821289
2021-03-18,38.06462097167969
2021-03-19,38.01750564575195
2021-03-22,38.77125930786133
2021-03-23,36.94340515136719
2021-03-24,35.756248474121094
2021-03-25,36.199073791503906
2021-03-26,34.07913589477539
2021-03-29,33.749366760253906
2021-03-30,33.768211364746094
2021-03-31,32.91081237792969
2021-04-01,32.97677230834961
2021-04-05,33.09925842285156
2021-04-06,33.7022590637207
2021-04-07,33.834163665771484
2021-04-08,33.570350646972656
2021-04-09,33.99433517456055
2021-04-12,34.013179779052734
2021-04-13,34.24872970581055
2021-04-14,34.060298919677734
2021-04-15,34.64445114135742
2021-04-16,34.59734344482422
2021-04-19,34.47486114501953
2021-04-20,34.53138732910156
2021-04-21,35.200347900390625
2021-04-22,34.95537185668945
2021-04-23,35.18150329589844
2021-04-26,34.9271125793457
2021-04-27,35.096702575683594
2021-04-28,34.74810028076172
2021-04-29,34.70098876953125
2021-04-30,34.27699661254883
2021-05-03,33.7116813659668
2021-05-04,33.730525970458984
2021-05-05,33.48555374145508
2021-05-06,34.5785026550293
2021-05-07,35.021331787109375
2021-05-10,35.096702575683594
2021-05-11,35.228614807128906
2021-05-12,34.380645751953125
2021-05-13,34.9271125793457
2021-05-14,34.17335510253906
2021-05-17,33.768211364746094
2021-05-18,34.22046661376953
2021-05-19,34.12624740600586
2021-05-20,34.05087661743164
2021-05-21,34.27699661254883
2021-05-24,34.2110481262207
2021-05-25,33.82474899291992
2021-05-26,34.0697135925293
2021-05-27,34.6821403503418
2021-05-28,34.182777404785156
2021-06-01,33.90953826904297
2021-06-02,33.53266525268555
2021-06-03,33.127525329589844
2021-06-04,33.6080322265625
2021-06-07,33.542083740234375
2021-06-08,33.127525329589844
2021-06-09,33.94723129272461
2021-06-10,33.78705978393555
2021-06-11,34.10740280151367
2021-06-14,33.88127136230469
2021-06-15,33.900115966796875
2021-06-16,33.85300827026367
2021-06-17,33.39133834838867
2021-06-18,33.7116813659668
2021-06-21,33.7022590637207
2021-06-22,33.67399978637695
2021-06-23,33.63630676269531
2021-06-24,34.182777404785156
2021-06-25,34.28641891479492
2021-06-28,34.10740280151367
2021-06-29,33.014461517333984
2021-06-30,33.16521072387695
2021-07-01,33.5044059753418
2021-07-02,33.325382232666016
2021-07-06,32.722381591796875
2021-07-07,32.505672454833984
2021-07-08,31.855554580688477
2021-07-09,32.51509475708008
2021-07-12,32.8825569152832
2021-07-13,32.006317138671875
2021-07-14,32.392608642578125
2021-07-15,31.92151641845703
2021-07-16,31.44099235534668
2021-07-19,30.715505599975586
2021-07-20,30.969900131225586
2021-07-21,31.92151641845703
2021-07-22,31.799030303955078
2021-07-23,32.044002532958984
2021-07-26,32.33607864379883
2021-07-27,31.996885299682617
2021-07-28,32.05342102050781
2021-07-29,31.978044509887695
2021-07-30,31.318510055541992
2021-08-02,31.365623474121094
2021-08-03,30.922792434692383
2021-08-04,30.753196716308594
2021-08-05,32.30781173706055
2021-08-06,31.78961181640625
2021-08-09,31.563480377197266
2021-08-10,32.034576416015625
2021-08-11,32.543365478515625
2021-08-12,32.175907135009766
2021-08-13,32.10053253173828
2021-08-16,32.27012634277344
2021-08-17,32.10995101928711
2021-08-18,31.855554580688477
2021-08-19,31.52579116821289
2021-08-20,32.044002532958984
2021-08-23,32.33607864379883
2021-08-24,32.260704040527344
2021-08-25,32.30781173706055
2021-08-26,32.034576416015625
2021-08-27,32.533939361572266
2021-08-30,32.33607864379883
2021-08-31,32.857940673828125
2021-09-01,32.487892150878906
2021-09-02,32.753562927246094
2021-09-03,32.38352584838867
2021-09-07,32.298126220703125
2021-09-08,31.595991134643555
2021-09-09,31.947059631347656
2021-09-10,31.595991134643555
2021-09-13,32.003990173339844
2021-09-14,31.15953254699707
2021-09-15,32.31710433959961
2021-09-16,32.91486358642578
2021-09-17,33.30388641357422
2021-09-20,32.76305389404297
2021-09-21,32.715606689453125
2021-09-22,33.607505798339844
2021-09-23,33.854209899902344
2021-09-24,34.451969146728516
2021-09-27,35.04023742675781
2021-09-28,34.97382354736328
2021-09-29,35.34386444091797
2021-09-30,35.220523834228516
2021-10-01,35.751861572265625
2021-10-04,36.29269790649414
2021-10-05,36.65324783325195
2021-10-06,36.39706802368164
2021-10-07,36.85250473022461
2021-10-08,37.08022689819336
2021-10-11,36.9094352722168
2021-10-12,36.83353042602539
2021-10-13,37.10868835449219
2021-10-14,37.39333724975586
2021-10-15,36.975852966308594
2021-10-18,37.0897102355957
2021-10-19,37.88672637939453
2021-10-20,38.142906188964844
2021-10-21,37.61156463623047
2021-10-22,37.49770736694336
2021-10-25,36.937896728515625
2021-10-26,36.738643646240234
2021-10-27,35.562095642089844
2021-10-28,35.98906326293945
2021-10-29,35.06870651245117
2021-11-01,36.22627639770508
2021-11-02,36.70069122314453
2021-11-03,36.65324783325195
2021-11-04,36.4539909362793
2021-11-05,36.634281158447266
2021-11-08,35.960601806640625
2021-11-09,35.770835876464844
2021-11-10,35.87520980834961
2021-11-11,36.26423263549805
2021-11-12,36.197811126708984
2021-11-15,36.4539909362793
2021-11-16,35.68545150756836
2021-11-17,35.6190299987793
2021-11-18,35.0307502746582
2021-11-19,34.46145248413086
2021-11-22,34.224246978759766
2021-11-23,34.48991394042969
2021-11-24,34.04397201538086
2021-11-26,33.275413513183594
2021-11-29,32.725101470947266
2021-11-30,31.880638122558594
2021-12-01,30.571256637573242
2021-12-02,31.2259464263916
2021-12-03,31.823711395263672
2021-12-06,32.184261322021484
2021-12-07,32.212730407714844
2021-12-08,32.525848388671875
2021-12-09,32.402496337890625
2021-12-10,32.487892150878906
2021-12-13,32.07040786743164
2021-12-14,31.757299423217773
2021-12-15,32.003990173339844
2021-12-16,32.56379318237305
2021-12-17,32.46891784667969
2021-12-20,32.089385986328125
2021-12-21,32.45942687988281
2021-12-22,32.38352584838867
2021-12-23,32.744075775146484
2021-12-27,32.84844207763672
2021-12-28,32.99077224731445
2021-12-29,32.6207275390625
2021-12-30,32.971797943115234
2021-12-31,32.516353607177734
2022-01-03,33.19951629638672
2022-01-04,33.33235168457031
2022-01-05,32.98128128051758
2022-01-06,33.66443634033203
2022-01-07,34.157833099365234
2022-01-10,34.129371643066406
2022-01-11,34.024993896484375
2022-01-12,34.366573333740234
2022-01-13,34.95484924316406
2022-01-14,35.770835876464844
2022-01-18,34.8220100402832
2022-01-19,34.61326599121094
2022-01-20,33.46518325805664
2022-01-21,33.03821563720703
2022-01-24,34.024993896484375
2022-01-25,34.04397201538086
2022-01-26,33.08565139770508
2022-01-27,33.218482971191406
2022-01-28,34.83149719238281
2022-01-31,35.27745056152344
2022-02-01,35.097171783447266
2022-02-02,35.362850189208984
2022-02-03,35.533634185791016
2022-02-04,35.34386444091797
2022-02-07,35.27745056152344
2022-02-08,35.43874740600586
2022-02-09,37.877235412597656
2022-02-10,38.000587463378906
2022-02-11,37.43129348754883
2022-02-14,36.767112731933594
2022-02-15,37.10868835449219
2022-02-16,36.918922424316406
2022-02-17,36.68171310424805
2022-02-18,36.5678596496582
2022-02-22,36.22627639770508
2022-02-23,35.514652252197266
2022-02-24,35.353355407714844
2022-02-25,36.273712158203125
2022-02-28,36.302181243896484
2022-03-01,35.939353942871094
2022-03-02,37.5434455871582
2022-03-03,37.74395751953125
2022-03-04,37.30474090576172
2022-03-07,36.31172561645508
2022-03-08,36.47404861450195
2022-03-09,35.73883819580078
2022-03-10,34.955894470214844
2022-03-11,34.545318603515625
2022-03-14,34.106101989746094
2022-03-15,34.96543502807617
2022-03-16,35.72929000854492
2022-03-17,35.37601089477539
2022-03-18,35.977542877197266
2022-03-21,35.8438720703125
2022-03-22,36.05392837524414
2022-03-23,35.50013732910156
2022-03-24,35.87251663208008
2022-03-25,36.1112174987793
2022-03-28,35.58607482910156
2022-03-29,35.86296463012695
2022-03-30,35.165950775146484
2022-03-31,34.64080047607422
2022-04-01,34.5357666015625
2022-04-04,34.764923095703125
2022-04-05,33.94377899169922
2022-04-06,34.010616302490234
2022-04-07,33.73372268676758
2022-04-08,34.144287109375
2022-04-11,33.905582427978516
2022-04-12,34.00107192993164
2022-04-13,34.306610107421875
2022-04-14,34.230220794677734
2022-04-18,34.344810485839844
2022-04-19,34.56441116333008
2022-04-20,34.83176040649414
2022-04-21,34.258872985839844
2022-04-22,33.73372268676758
2022-04-25,33.59049987792969
2022-04-26,32.47336196899414
2022-04-27,32.25374984741211
2022-04-28,32.38742446899414
2022-04-29,31.73815155029297
2022-05-02,32.33013916015625
2022-05-03,32.110530853271484
2022-05-04,32.81709289550781
2022-05-05,32.19646453857422
2022-05-06,30.611467361450195
2022-05-09,29.18878746032715
2022-05-10,28.549060821533203
2022-05-11,29.179237365722656
2022-05-12,29.46568489074707
2022-05-13,29.828516006469727
2022-05-16,29.704389572143555
2022-05-17,30.525531768798828
2022-05-18,29.49432945251465
2022-05-19,29.398847579956055
2022-05-20,29.542072296142578
2022-05-23,30.191349029541016
2022-05-24,28.644540786743164
2022-05-25,29.37975311279297
2022-05-26,30.37276268005371
2022-05-27,31.213003158569336
2022-05-31,31.232093811035156
2022-06-01,30.69740104675293
2022-06-02,30.420501708984375
2022-06-03,30.219989776611328
2022-06-06,30.162700653076172
2022-06-07,30.592370986938477
2022-06-08,30.067218780517578
2022-06-09,29.580263137817383
2022-06-10,28.673187255859375
2022-06-13,27.890235900878906
2022-06-14,28.310354232788086
2022-06-15,29.064661026000977
2022-06-16,28.453577041625977
2022-06-17,28.348548889160156
2022-06-21,28.778213500976562
2022-06-22,28.37718963623047
2022-06-23,28.329452514648438
2022-06-24,28.978727340698242
2022-06-27,29.141048431396484
2022-06-28,28.854598999023438
2022-06-29,28.778213500976562
2022-06-30,28.35809898376465
2022-07-01,29.207883834838867
2022-07-05,29.246078491210938
2022-07-06,29.18878746032715
2022-07-07,29.427492141723633
2022-07-08,29.246078491210938
2022-07-11,28.911890029907227
2022-07-12,29.236530303955078
2022-07-13,28.997825622558594
2022-07-14,28.663637161254883
2022-07-15,29.62800407409668
2022-07-18,29.3415584564209
2022-07-19,30.219989776611328
2022-07-20,30.71649742126465
2022-07-21,30.9552001953125
2022-07-22,31.09842300415039
2022-07-25,31.174806594848633
2022-07-26,30.143604278564453
2022-07-27,30.649658203125
2022-07-28,30.907459259033203
2022-07-29,29.503875732421875
2022-08-01,29.694839477539062
2022-08-02,29.532522201538086
2022-08-03,29.876256942749023
2022-08-04,29.780778884887695
2022-08-05,29.59935760498047
2022-08-08,29.72348403930664
2022-08-09,29.933544158935547
2022-08-10,30.907459259033203
2022-08-11,32.13917541503906
2022-08-12,32.2251091003418
2022-08-15,32.05324172973633
2022-08-16,32.21556091308594
2022-08-17,31.91956329345703
2022-08-18,31.728601455688477
2022-08-19,31.423059463500977
2022-08-22,30.544628143310547
2022-08-23,30.382308959960938
2022-08-24,30.630565643310547
2022-08-25,30.831073760986328
2022-08-26,30.286828994750977
2022-08-29,30.296377182006836
2022-08-30,30.450359344482422
2022-08-31,30.43111228942871
2022-09-01,30.344497680664062
2022-09-02,30.065399169921875
2022-09-06,29.401342391967773
2022-09-07,29.709312438964844
2022-09-08,29.77667999267578
2022-09-09,30.7679500579834
2022-09-12,31.085542678833008
2022-09-13,29.930662155151367
2022-09-14,29.863296508789062
2022-09-15,30.825695037841797
2022-09-16,30.017282485961914
2022-09-19,30.74870491027832
2022-09-20,30.50810432434082
2022-09-21,29.25698471069336
2022-09-22,28.766157150268555
2022-09-23,28.361948013305664
2022-09-26,27.871124267578125
2022-09-27,27.630523681640625
2022-09-28,28.082855224609375
2022-09-29,27.303308486938477
2022-09-30,27.428421020507812
2022-10-03,27.948118209838867
2022-10-04,28.85277557373047
2022-10-05,28.150224685668945
2022-10-06,27.919246673583984
2022-10-07,28.015487670898438
2022-10-10,27.842252731323242
2022-10-11,27.45729637145996
2022-10-12,27.226318359375
2022-10-13,28.27533531188965
2022-10-14,28.0636043548584
2022-10-17,25.792339324951172
2022-10-18,26.543014526367188
2022-10-19,26.620004653930664
2022-10-20,26.331283569335938
2022-10-21,26.571884155273438
2022-10-24,26.6873722076416
2022-10-25,26.947221755981445
2022-10-26,26.230234146118164
2022-10-27,25.570985794067383
2022-10-28,26.186925888061523
2022-10-31,26.17730140686035
2022-11-01,27.53428840637207
2022-11-02,27.110828399658203
2022-11-03,26.966468811035156
2022-11-04,26.783613204956055
2022-11-07,26.40827751159668
2022-11-08,26.58150863647461
2022-11-09,25.657602310180664
2022-11-10,26.65850257873535
2022-11-11,27.678647994995117
2022-11-14,27.70751953125
2022-11-15,27.89999771118164
2022-11-16,27.774887084960938
2022-11-17,27.755638122558594
2022-11-18,28.044357299804688
2022-11-21,27.755638122558594
2022-11-22,28.02511215209961
2022-11-23,28.150224685668945
2022-11-25,28.34270477294922
2022-11-28,28.150224685668945
2022-11-29,28.814279556274414
2022-11-30,29.37247085571289
2022-12-01,29.141494750976562
2022-12-02,29.459087371826172
2022-12-05,29.016382217407227
2022-12-06,28.13097381591797
2022-12-07,27.832632064819336
2022-12-08,28.15984535217285
2022-12-09,28.3042049407959
2022-12-12,28.54480743408203
2022-12-13,28.9105224609375
2022-12-14,28.650671005249023
2022-12-15,27.659395217895508
2022-12-16,27.601652145385742
2022-12-19,26.59113121032715
2022-12-20,27.0434627532959
2022-12-21,27.32255744934082
2022-12-22,27.4669189453125
2022-12-23,27.765262603759766
2022-12-27,27.582406997680664
2022-12-28,27.091581344604492
2022-12-29,27.505414962768555
2022-12-30,27.38030433654785
2023-01-03,27.274436950683594
2023-01-04,28.26571273803711
2023-01-05,27.86150360107422
2023-01-06,28.679540634155273
2023-01-09,28.29458236694336
2023-01-10,28.85277557373047
2023-01-11,28.95863914489746
2023-01-12,29.112621307373047
2023-01-13,29.170366287231445
2023-01-17,28.756532669067383
2023-01-18,28.410070419311523
2023-01-19,28.3042049407959
2023-01-20,28.592927932739258
2023-01-23,29.536081314086914
2023-01-24,29.478336334228516
2023-01-25,30.152015686035156
2023-01-26,30.527353286743164
2023-01-27,30.43111228942871
2023-01-30,30.229007720947266
2023-01-31,30.50810432434082
2023-02-01,30.806446075439453
2023-02-02,31.480125427246094
2023-02-03,31.085542678833008
2023-02-06,30.613969802856445
2023-02-07,30.60434341430664
2023-02-08,31.96132469177246
2023-02-09,31.96132469177246
2023-02-10,31.95170783996582
2023-02-13,31.83622169494629
2023-02-14,31.884340286254883
2023-02-15,33.06808853149414
2023-02-16,32.71200180053711
2023-02-17,32.9333610534668
2023-02-21,32.10569381713867
2023-02-22,32.413658142089844
2023-02-23,32.30779266357422
2023-02-24,31.816967010498047
2023-02-27,31.6148624420166
2023-02-28,31.27543830871582
2023-03-01,31.071788787841797
2023-03-02,31.323928833007812
2023-03-03,31.226951599121094
2023-03-06,31.100879669189453
2023-03-07,31.0039005279541
2023-03-08,30.877832412719727
2023-03-09,29.704397201538086
2023-03-10,29.588022232055664
2023-03-13,28.831592559814453
2023-03-14,29.277692794799805
2023-03-15,28.928569793701172
2023-03-16,29.30678367614746
2023-03-17,29.190412521362305
2023-03-20,29.772281646728516
2023-03-21,30.092308044433594
2023-03-22,29.646209716796875
2023-03-23,29.975934982299805
2023-03-24,29.46194839477539
2023-03-27,30.0438175201416
2023-03-28,29.219505310058594
2023-03-29,29.597721099853516
2023-03-30,29.9565372467041
2023-03-31,30.363845825195312
2023-04-03,30.422033309936523
2023-04-04,30.218379974365234
2023-04-05,30.082611083984375
2023-04-06,29.811071395874023
2023-04-10,30.247474670410156
2023-04-11,30.519010543823242
2023-04-12,30.072912216186523
2023-04-13,30.228076934814453
2023-04-14,29.820770263671875
2023-04-17,30.276567459106445
2023-04-18,30.257169723510742
2023-04-19,30.121402740478516
2023-04-20,29.9565372467041
2023-04-21,29.888652801513672
2023-04-24,29.006155014038086
2023-04-25,28.8218936920166
2023-04-26,28.831592559814453
2023-04-27,29.238901138305664
2023-04-28,29.617116928100586
2023-05-01,29.694698333740234
2023-05-02,29.413461685180664
2023-05-03,29.064340591430664
2023-05-04,27.764829635620117
2023-05-05,28.501867294311523
2023-05-08,28.666728973388672
2023-05-09,28.240028381347656
2023-05-10,27.7745304107666
2023-05-11,27.309036254882812
2023-05-12,27.415714263916016
2023-05-15,27.755136489868164
2023-05-16,27.35752296447754
2023-05-17,28.055767059326172
2023-05-18,27.832717895507812
2023-05-19,28.046070098876953
2023-05-22,28.084857940673828
2023-05-23,28.104257583618164
2023-05-24,27.78422737121582
2023-05-25,28.046070098876953
2023-05-26,28.366098403930664
2023-05-30,28.404888153076172
2023-05-31,28.327306747436523
2023-06-01,28.317609786987305
2023-06-02,28.938268661499023
2023-06-05,29.1710147857666
2023-06-06,29.529834747314453
2023-06-07,30.237775802612305
2023-06-08,30.664480209350586
2023-06-09,30.451126098632812
2023-06-12,30.412336349487305
2023-06-13,30.237775802612305
2023-06-14,30.247474670410156
2023-06-15,30.596595764160156
2023-06-16,30.548105239868164
2023-06-20,30.150495529174805
2023-06-21,30.092308044433594
2023-06-22,29.888652801513672
2023-06-23,29.704397201538086
2023-06-26,30.1310977935791
2023-06-27,31.178464889526367
2023-06-28,31.120275497436523
2023-06-29,31.139673233032227
2023-06-30,30.926319122314453
2023-07-03,31.246347427368164
2023-07-05,31.062088012695312
2023-07-06,30.887529373168945
2023-07-07,30.955411911010742
2023-07-10,30.654783248901367
2023-07-11,30.742061614990234
2023-07-12,30.664480209350586
2023-07-13,30.664480209350586
2023-07-14,30.189285278320312
2023-07-17,30.402637481689453
2023-07-18,30.906925201416016
2023-07-19,30.722665786743164
2023-07-20,30.771154403686523
2023-07-21,30.470523834228516
2023-07-24,30.19898223876953
2023-07-25,30.0438175201416
2023-07-26,30.228076934814453
2023-07-27,30.092308044433594
2023-07-28,30.179590225219727
2023-07-31,30.460824966430664
2023-08-01,30.28626251220703
2023-08-02,30.31535530090332
2023-08-03,30.053516387939453
2023-08-04,30.140796661376953
2023-08-07,30.19898223876953
2023-08-08,31.876705169677734
2023-08-09,31.546977996826172
2023-08-10,31.294837951660156
2023-08-11,31.469398498535156
2023-08-14,30.800247192382812
2023-08-15,30.936017990112305
2023-08-16,30.50931167602539
2023-08-17,29.995330810546875
2023-08-18,30.344451904296875
2023-08-21,30.053516387939453
2023-08-22,29.665603637695312
2023-08-23,29.714092254638672
2023-08-24,29.374670028686523
2023-08-25,29.238901138305664
2023-08-28,29.510440826416016
2023-08-29,29.8527889251709
2023-08-30,30.214698791503906
2023-08-31,29.8527889251709
2023-09-01,28.121482849121094
2023-09-05,28.4149227142334
2023-09-06,28.35623550415039
2023-09-07,27.83782196044922
2023-09-08,28.26820182800293
2023-09-11,28.581207275390625
2023-09-12,28.933338165283203
2023-09-13,28.31711196899414
2023-09-14,28.874649047851562
2023-09-15,28.65945816040039
2023-09-18,28.53230094909668
2023-09-19,28.767053604125977
2023-09-20,28.101919174194336
2023-09-21,28.943119049072266
2023-09-22,28.219297409057617
2023-09-25,28.13126564025879
2023-09-26,27.916074752807617
2023-09-27,28.00410270690918
2023-09-28,28.22907829284668
2023-09-29,28.248640060424805
2023-10-02,27.945417404174805
2023-10-03,27.417224884033203
2023-10-04,27.436784744262695
2023-10-05,27.368314743041992
2023-10-06,27.515037536621094
2023-10-09,27.98454475402832
2023-10-10,28.28776741027832
2023-10-11,28.1801700592041
2023-10-12,27.779132843017578
2023-10-13,27.9552001953125
2023-10-16,28.542083740234375
2023-10-17,28.767053604125977
2023-10-18,28.38558006286621
2023-10-19,27.886730194091797
2023-10-20,27.68132209777832
2023-10-23,27.45634651184082
2023-10-24,27.466129302978516
2023-10-25,27.221595764160156
2023-10-26,26.84012222290039
2023-10-27,26.517335891723633
2023-10-30,26.624929428100586
2023-10-31,27.299846649169922
2023-11-01,27.290063858032227
2023-11-02,27.82804298400879
2023-11-03,28.68880271911621
2023-11-06,28.238859176635742
2023-11-07,27.86716651916504
2023-11-08,27.583507537841797
2023-11-09,27.094438552856445
2023-11-10,27.466129302978516
2023-11-13,26.9672794342041
2023-11-14,27.50525665283203
2023-11-15,27.83782196044922
2023-11-16,27.524816513061523
2023-11-17,27.80847930908203
2023-11-20,28.013887405395508
2023-11-21,27.671539306640625
2023-11-22,27.730226516723633
2023-11-24,27.818260192871094
2023-11-27,27.62263298034668
2023-11-28,27.2705020904541
2023-11-29,27.08465576171875
2023-11-30,27.05531120300293
2023-12-01,27.642194747924805
2023-12-04,27.554161071777344
2023-12-05,26.859683990478516
2023-12-06,26.693401336669922
2023-12-07,26.732526779174805
2023-12-08,27.397659301757812
2023-12-11,27.016185760498047
2023-12-12,26.556461334228516
2023-12-13,27.006404876708984
2023-12-14,27.387880325317383
2023-12-15,27.045530319213867
2023-12-18,27.02596664428711
2023-12-19,27.290063858032227
2023-12-20,26.859683990478516
2023-12-21,27.280282974243164
2023-12-22,27.143342971801758
2023-12-26,27.241159439086914
2023-12-27,27.035749435424805
2023-12-28,27.094438552856445
2023-12-29,27.045530319213867
2024-01-02,27.524816513061523
2024-01-03,27.358535766601562
2024-01-04,27.378097534179688
2024-01-05,27.485694885253906
2024-01-08,27.857385635375977
2024-01-09,27.554161071777344
2024-01-10,27.8769474029541
2024-01-11,27.994325637817383
2024-01-12,28.121482849121094
2024-01-16,27.82804298400879
2024-01-17,27.759571075439453
2024-01-18,27.9552001953125
2024-01-19,28.101919174194336
2024-01-22,28.307329177856445
2024-01-23,28.542083740234375
2024-01-24,28.424705505371094
2024-01-25,29.060495376586914
2024-01-26,29.089839935302734
2024-01-29,29.26590347290039
2024-01-30,29.148527145385742
2024-01-31,29.353939056396484
2024-02-01,29.46153450012207
2024-02-02,28.913774490356445
2024-02-05,28.542083740234375
2024-02-06,28.698585510253906
2024-02-07,26.84012222290039
2024-02-08,26.038049697875977
2024-02-09,26.84990119934082
2024-02-12,27.397659301757812
2024-02-13,26.761869430541992
2024-02-14,27.133563995361328
2024-02-15,27.524816513061523
2024-02-16,27.338972091674805
2024-02-20,27.02596664428711
2024-02-21,26.859683990478516
2024-02-22,26.81077766418457
2024-02-23,27.074874877929688
2024-02-26,26.624929428100586
2024-02-27,26.517335891723633
2024-02-28,26.37061309814453
2024-02-29,26.781431198120117
2024-03-01,26.39995765686035
2024-03-04,25.989139556884766
2024-03-05,26.008895874023438
2024-03-06,25.58414077758789
2024-03-07,25.791580200195312
2024-03-08,25.9990177154541
2024-03-11,26.897920608520508
2024-03-12,26.50279998779297
2024-03-13,26.759628295898438
2024-03-14,26.384262084960938
2024-03-15,26.56206703186035
2024-03-18,26.670724868774414
2024-03-19,26.769506454467773
2024-03-20,27.24365234375
2024-03-21,27.451093673706055
2024-03-22,26.9868221282959
2024-03-25,27.204139709472656
2024-03-26,27.609140396118164
2024-03-27,28.25121307373047
2024-03-28,28.270971298217773
2024-04-01,28.241334915161133
2024-04-02,28.073410034179688
2024-04-03,28.35987091064453
2024-04-04,28.073410034179688
2024-04-05,28.103044509887695
2024-04-08,28.280847549438477
2024-04-09,28.448772430419922
2024-04-10,28.024019241333008
2024-04-11,27.89560317993164
2024-04-12,27.322677612304688
2024-04-15,27.579505920410156
2024-04-16,27.609140396118164
2024-04-17,27.648653030395508
2024-04-18,27.94499397277832
2024-04-19,28.517921447753906
2024-04-22,28.616701126098633
2024-04-23,28.824140548706055
2024-04-24,28.95255470275879
2024-04-25,28.893285751342773
2024-04-26,28.458650588989258
2024-04-29,28.794504165649414
2024-04-30,28.330238342285156
2024-05-01,28.517921447753906
2024-05-02,28.893285751342773
2024-05-03,29.219261169433594
2024-05-06,29.653898239135742
2024-05-07,29.48596954345703
2024-05-08,30.21694564819336
2024-05-09,30.42438316345215
2024-05-10,30.56267738342285
2024-05-13,30.365114212036133
2024-05-14,30.58243179321289
2024-05-15,30.23670196533203
2024-05-16,29.900848388671875
2024-05-17,30.157676696777344
2024-05-20,30.207067489624023
2024-05-21,30.029260635375977
2024-05-22,30.197189331054688
2024-05-23,30.276212692260742
2024-05-24,30.75035858154297
2024-05-28,30.710847854614258
2024-05-29,30.888652801513672
2024-05-30,31.323284149169922
2024-05-31,31.550479888916016
2024-06-03,31.88633155822754
2024-06-04,31.777673721313477
2024-06-05,31.866575241088867
2024-06-06,31.58999252319336
2024-06-07,31.38255500793457
2024-06-10,31.017065048217773
2024-06-11,30.720726013183594
2024-06-12,30.760236740112305
2024-06-13,30.592309951782227
2024-06-14,30.56267738342285
2024-06-17,30.651578903198242
2024-06-18,30.829383850097656
2024-06-20,31.52084732055664
2024-06-21,31.66901969909668
2024-06-24,31.678895950317383
2024-06-25,31.81718635559082
2024-06-26,31.708528518676758
2024-06-27,31.38255500793457
2024-06-28,31.629505157470703
2024-07-01,31.412187576293945
2024-07-02,31.90608787536621
2024-07-03,32.04438018798828
2024-07-05,31.767797470092773
2024-07-08,31.7480411529541
2024-07-09,32.36048126220703
2024-07-10,32.52840805053711
2024-07-11,32.844505310058594
2024-07-12,32.94328689575195
2024-07-15,33.140846252441406
2024-07-16,33.802677154541016
2024-07-17,34.424991607666016
2024-07-18,34.18791961669922
2024-07-19,33.91133499145508
2024-07-22,34.01011657714844
2024-07-23,34.1286506652832
2024-07-24,34.04962921142578
2024-07-25,34.03974533081055
2024-07-26,34.494140625
2024-07-29,34.76084518432617
2024-07-30,35.363407135009766
2024-07-31,34.99791717529297
2024-08-01,34.77072525024414
2024-08-02,34.454627990722656
2024-08-05,33.62487030029297
2024-08-06,35.74864959716797
2024-08-07,36.114139556884766
2024-08-08,36.242549896240234
2024-08-09,36.153648376464844
2024-08-12,35.807918548583984
2024-08-13,35.81779479980469
2024-08-14,35.88694763183594
2024-08-15,35.85730743408203
2024-08-16,36.31169891357422
2024-08-19,36.43023681640625
2024-08-20,36.69694137573242
2024-08-21,37.111820220947266
2024-08-22,37.467430114746094
2024-08-23,37.674869537353516
2024-08-26,37.73413848876953
2024-08-27,37.64523696899414
2024-08-28,37.803287506103516
2024-08-29,37.76377487182617
2024-08-30,37.96133041381836
2024-09-03,37.56621170043945
2024-09-04,37.99400329589844
2024-09-05,37.17821502685547
2024-09-06,37.16826629638672
2024-09-09,36.89965057373047
2024-09-10,36.66088104248047
2024-09-11,36.243038177490234
2024-09-12,35.85504150390625
2024-09-13,36.59123992919922
2024-09-16,36.581295013427734
2024-09-17,37.24785232543945
2024-09-18,37.36724090576172
2024-09-19,37.3373908996582
2024-09-20,37.08867645263672
2024-09-23,37.62590408325195
2024-09-24,38.66056823730469
2024-09-25,38.24272155761719
2024-09-26,38.47154235839844
2024-09-27,38.64067077636719
2024-09-30,38.60087585449219
2024-10-01,38.79985046386719
2024-10-02,38.47154235839844
2024-10-03,38.2924690246582
2024-10-04,38.34220886230469
2024-10-07,38.14323806762695
2024-10-08,38.32231140136719
2024-10-09,38.2924690246582
2024-10-10,37.8547248840332
2024-10-11,37.80498123168945
2024-10-14,38.01390075683594
2024-10-15,38.26261901855469
2024-10-16,38.55113220214844
2024-10-17,38.86948776245117
2024-10-18,38.77000427246094
2024-10-21,38.32231140136719
2024-10-22,38.50138854980469
2024-10-23,38.21287536621094
2024-10-24,38.14323806762695
2024-10-25,38.15318298339844
2024-10-28,38.48149108886719
2024-10-29,38.57102966308594
2024-10-30,38.75010681152344
2024-10-31,38.76005172729492
2024-11-01,38.69041442871094
2024-11-04,39.754920959472656
2024-11-05,40.45132827758789
2024-11-06,42.16250228881836
2024-11-07,41.356658935546875
2024-11-08,41.34671401977539
2024-11-11,42.28188705444336
2024-11-12,43.425987243652344
2024-11-13,43.23198699951172
2024-11-14,43.99306106567383
2024-11-15,42.649986267089844
2024-11-18,42.53060531616211
2024-11-19,42.988243103027344
2024-11-20,43.14741897583008
2024-11-21,43.89356994628906
2024-11-22,44.14228820800781
2024-11-25,43.48567581176758
2024-11-26,43.58516311645508
2024-11-27,44.13234329223633
2024-11-29,44.50044250488281
2024-12-02,44.18208312988281
2024-12-03,43.82393264770508
2024-12-04,43.79408645629883
2024-12-05,44.02290725708008
2024-12-06,44.41090393066406
2024-12-09,43.52547073364258
2024-12-10,43.70454788208008
2024-12-11,43.53541946411133
2024-12-12,44.7292594909668
2024-12-13,44.49049377441406
2024-12-16,44.42085266113281
2024-12-17,46.23151397705078
2024-12-18,46.291202545166016
2024-12-19,45.73408126831055
2024-12-20,46.41059112548828
2024-12-23,46.37079620361328
2024-12-24,46.908023834228516
2024-12-26,46.67919921875
2024-12-27,46.39069366455078
2024-12-30,45.8435173034668
2024-12-31,45.5052604675293
2025-01-02,46.00269317626953
2025-01-03,46.48023223876953
2025-01-06,46.828433990478516
2025-01-07,46.569766998291016
2025-01-08,46.37079620361328
2025-01-10,45.6246452331543
2025-01-13,45.70423126220703
2025-01-14,46.30115509033203
2025-01-15,45.94300079345703
2025-01-16,45.70423126220703
2025-01-17,45.4256706237793
2025-01-21,45.4057731628418
2025-01-22,45.54505157470703
2025-01-23,45.79376983642578
2025-01-24,46.311100006103516
2025-01-27,47.4552001953125
2025-01-28,47.335819244384766
2025-01-29,47.604427337646484
2025-01-30,48.121761322021484
2025-01-31,48.35057830810547
2025-02-03,48.93755340576172
2025-02-04,51.28544235229492
2025-02-05,51.00687789916992
2025-02-06,50.20103454589844
2025-02-07,49.84288024902344
2025-02-10,50.09159851074219
2025-02-11,50.29057312011719
2025-02-12,51.18595504760742
2025-02-13,51.90225601196289
2025-02-14,52.12112808227539
2025-02-18,52.47928237915039
2025-02-19,53.334869384765625
2025-02-20,53.096099853515625
2025-02-21,52.737945556640625
2025-02-24,53.95168685913086
2025-02-25,53.006561279296875
2025-02-26,53.03641128540039
2025-02-27,52.62851333618164
2025-02-28,53.79250717163086
2025-03-03,53.175689697265625
2025-03-04,52.34000015258789
2025-03-05,52.56999969482422
2025-03-06,51.5
2025-03-07,51.599998474121094
2025-03-10,50.0
2025-03-11,48.9900016784668
2025-03-12,48.41999816894531
2025-03-13,47.119998931884766
2025-03-14,48.470001220703125
2025-03-17,48.66999816894531
2025-03-18,48.45000076293945
2025-03-19,49.08000183105469
2025-03-20,49.400001525878906
2025-03-21,49.70000076293945
2025-03-24,49.709999084472656
